pdf,png,title,date
pdf/cartography_certificate_05202024.pdf,png/cartography_certificate_05202024.png,Cartography,05/20/2024
pdf/performing_analysis_using_arcgis_api_for_python_certificate_05082024.pdf,png/performing_analysis_using_arcgis_api_for_python_certificate_05082024.png,Performing Analysis Using ArcGIS API for Python,05/08/2024
pdf/accessing_data_in_a_portal_using_arcgis_api_for_python_certificate_05032024.pdf,png/accessing_data_in_a_portal_using_arcgis_api_for_python_certificate_05032024.png,Accessing Data in a Portal Using ArcGIS API for Python,05/03/2024
pdf/introduction_to_arcgis_api_for_python_certificate_04272024.pdf,png/introduction_to_arcgis_api_for_python_certificate_04272024.png,Introduction to ArcGIS API for Python,04/27/2024
pdf/data_science_workflows_using_arcgis_notebooks_certificate_04182024.pdf,png/data_science_workflows_using_arcgis_notebooks_certificate_04182024.png,Data Science Workflows Using ArcGIS Notebooks,04/18/2024
pdf/arcgis_notebooks_basics_certificate_04122024.pdf,png/arcgis_notebooks_basics_certificate_04122024.png,ArcGIS Notebooks Basics,04/12/2024
pdf/introduction_to_arcgis_arcade_certificate_03312024.pdf,png/introduction_to_arcgis_arcade_certificate_03312024.png,Introduction to ArcGIS Arcade,03/31/2024
pdf/python_scripting_for_geoprocessing_workflows_certificate_03212024.pdf,png/python_scripting_for_geoprocessing_workflows_certificate_03212024.png,Python Scripting for Geoprocessing Workflows,03/21/2024
pdf/arcgis_survey123_basics_certificate_03022024.pdf,png/arcgis_survey123_basics_certificate_03022024.png,ArcGIS Survey123 Basics,03/02/2024
pdf/python_scripting_modifying_page_layouts_certificate_03022024.pdf,png/python_scripting_modifying_page_layouts_certificate_03022024.png,Python Scripting Modifying Page Layouts,03/02/2024
pdf/python_scripting_repairing_data_sources_certificate_02242024.pdf,png/python_scripting_repairing_data_sources_certificate_02242024.png,Python Scripting Repairing Data Sources,02/24/2024
pdf/python_for_everyone_certificate_02102024.pdf,png/python_for_everyone_certificate_02102024.png,Python for Everyone,02/10/2024
pdf/mapping_clusters_optimized_hot_spot_and_optimized_outlier_analysis_certificate_11262023.pdf,png/mapping_clusters_optimized_hot_spot_and_optimized_outlier_analysis_certificate_11262023.png,Mapping Clusters Optimized Hot Spot and Optimized Outlier Analysis,11/26/2023
pdf/mapping_clusters_hot_spot_and_cluster_and_outlier_analysis_certificate_11182023.pdf,png/mapping_clusters_hot_spot_and_cluster_and_outlier_analysis_certificate_11182023.png,Mapping Clusters Hot Spot and Cluster and Outlier Analysis,11/18/2023
pdf/classifying_objects_using_deep_learning_in_arcgis_pro_certificate_11122023.pdf,png/classifying_objects_using_deep_learning_in_arcgis_pro_certificate_11122023.png,Classifying Objects Using Deep Learning in ArcGIS Pro,11/12/2023
pdf/working_with_charts_and_reports_in_arcgis_pro_certificate_09082023.pdf,png/working_with_charts_and_reports_in_arcgis_pro_certificate_09082023.png,Working with Charts and Reports in ArcGIS Pro,09/08/2023
pdf/introduction_to_distance_analysis_certificate_09032023.pdf,png/introduction_to_distance_analysis_certificate_09032023.png,Introduction to Distance Analysis,09/03/2023
pdf/space-time_analysis_time-series_clustering_certificate_09032023.pdf,png/space-time_analysis_time-series_clustering_certificate_09032023.png,Space-Time Analysis Time-Series Clustering,09/03/2023
pdf/introduction_to_overlay_analysis_certificate_09022023.pdf,png/introduction_to_overlay_analysis_certificate_09022023.png,Introduction to Overlay Analysis,09/02/2023
pdf/introduction_to_proximity_analysis_certificate_09022023.pdf,png/introduction_to_proximity_analysis_certificate_09022023.png,Introduction to Proximity Analysis,09/02/2023
pdf/calculating_density_using_arcgis_certificate_09022023.pdf,png/calculating_density_using_arcgis_certificate_09022023.png,Calculating Density Using ArcGIS,09/02/2023
pdf/understanding_spatial_relationships_certificate_09012023.pdf,png/understanding_spatial_relationships_certificate_09012023.png,Understanding Spatial Relationships,09/01/2023
pdf/summarizing_data_by_spatial_relationships_certificate_09012023.pdf,png/summarizing_data_by_spatial_relationships_certificate_09012023.png,Summarizing Data by Spatial Relationships,09/01/2023
pdf/arcgis_pro_basics_certificate_09012023.pdf,png/arcgis_pro_basics_certificate_09012023.png,ArcGIS Pro Basics,09/01/2023
pdf/getting_started_with_geoprocessing_certificate_09012023.pdf,png/getting_started_with_geoprocessing_certificate_09012023.png,Getting Started with Geoprocessing,09/01/2023
pdf/getting_started_with_spatial_analysis_certificate_09012023.pdf,png/getting_started_with_spatial_analysis_certificate_09012023.png,Getting Started with Spatial Analysis,09/01/2023
pdf/managing_data_quality_using_arcgis_data_reviewer_certificate_05092023.pdf,png/managing_data_quality_using_arcgis_data_reviewer_certificate_05092023.png,Managing Data Quality Using ArcGIS Data Reviewer,05/09/2023
pdf/managing_raster_data_using_arcgis_certificate_04212023.pdf,png/managing_raster_data_using_arcgis_certificate_04212023.png,Managing Raster Data Using ArcGIS,04/21/2023
pdf/editing_basics_in_arcgis_pro_certificate_04092023.pdf,png/editing_basics_in_arcgis_pro_certificate_04092023.png,Editing Basics in ArcGIS Pro,04/09/2023
pdf/preparing_for_network_analysis_certificate_03102023.pdf,png/preparing_for_network_analysis_certificate_03102023.png,Preparing for Network Analysis,03/10/2023
pdf/getting_started_with_data_management_certificate_03042023.pdf,png/getting_started_with_data_management_certificate_03042023.png,Getting Started with Data Management,03/04/2023
pdf/introduction_to_spatial_data_certificate_02262023.pdf,png/introduction_to_spatial_data_certificate_02262023.png,Introduction to Spatial Data,02/26/2023
pdf/introduction_to_spatial_data_certificate_02212023.pdf,png/introduction_to_spatial_data_certificate_02212023.png,Introduction to Spatial Data,02/21/2023
pdf/basics_of_geographic_coordinate_systems_certificate_02182023.pdf,png/basics_of_geographic_coordinate_systems_certificate_02182023.png,Basics of Geographic Coordinate Systems,02/18/2023
pdf/getting_started_with_the_geodatabase_certificate_02102023.pdf,png/getting_started_with_the_geodatabase_certificate_02102023.png,Getting Started with the Geodatabase,02/10/2023
pdf/applying_the_racial_equity_workflow_using_arcgis_certificate_11282022.pdf,png/applying_the_racial_equity_workflow_using_arcgis_certificate_11282022.png,Applying the Racial Equity Workflow Using ArcGIS,11/28/2022
pdf/generating_service_areas_using_arcgis_pro_certificate_11272022.pdf,png/generating_service_areas_using_arcgis_pro_certificate_11272022.png,Generating Service Areas Using ArcGIS Pro,11/27/2022
pdf/mapping_addresses_and_places_certificate_11232022.pdf,png/mapping_addresses_and_places_certificate_11232022.png,Mapping Addresses and Places,11/23/2022
pdf/spatial_data_science_the_new_frontier_in_analytics_certificate_11222022.pdf,png/spatial_data_science_the_new_frontier_in_analytics_certificate_11222022.png,Spatial Data Science The New Frontier in Analytics,11/22/2022
pdf/creating_a_web_map_in_arcgis_pro_certificate_11142022.pdf,png/creating_a_web_map_in_arcgis_pro_certificate_11142022.png,Creating a Web Map in ArcGIS Pro,11/14/2022
pdf/performing_accuracy_assessment_for_image_classification_certificate_11062022.pdf,png/performing_accuracy_assessment_for_image_classification_certificate_11062022.png,Performing Accuracy Assessment for Image Classification,11/06/2022
pdf/introduction_to_3d_data_certificate_10312022.pdf,png/introduction_to_3d_data_certificate_10312022.png,Introduction to 3D Data,10/31/2022
pdf/displaying_coordinate_data_on_a_map_certificate_10242022.pdf,png/displaying_coordinate_data_on_a_map_certificate_10242022.png,Displaying Coordinate Data on a Map,10/24/2022
pdf/creating_and_sharing_animation_in_arcgis_pro_certificate_10182022.pdf,png/creating_and_sharing_animation_in_arcgis_pro_certificate_10182022.png,Creating and Sharing Animation in ArcGIS Pro,10/18/2022
pdf/introduction_to_3d_data_certificate_10152022.pdf,png/introduction_to_3d_data_certificate_10152022.png,Introduction to 3D Data,10/15/2022
pdf/creating_and_sharing_animation_in_arcgis_pro_certificate_10152022.pdf,png/creating_and_sharing_animation_in_arcgis_pro_certificate_10152022.png,Creating and Sharing Animation in ArcGIS Pro,10/15/2022
pdf/creating_a_web_map_in_arcgis_pro_certificate_10152022.pdf,png/creating_a_web_map_in_arcgis_pro_certificate_10152022.png,Creating a Web Map in ArcGIS Pro,10/15/2022
pdf/managing_map_layers_in_arcgis_pro_certificate_10152022.pdf,png/managing_map_layers_in_arcgis_pro_certificate_10152022.png,Managing Map Layers in ArcGIS Pro,10/15/2022
pdf/displaying_coordinate_data_on_a_map_certificate_10152022.pdf,png/displaying_coordinate_data_on_a_map_certificate_10152022.png,Displaying Coordinate Data on a Map,10/15/2022
pdf/introduction_to_image_classification_certificate_09272022.pdf,png/introduction_to_image_classification_certificate_09272022.png,Introduction to Image Classification,09/27/2022
pdf/symbolizing_map_layers_certificate_09262022.pdf,png/symbolizing_map_layers_certificate_09262022.png,Symbolizing Map Layers,09/26/2022
pdf/mapping_locations_from_unstructured_text_certificate_09192022.pdf,png/mapping_locations_from_unstructured_text_certificate_09192022.png,Mapping Locations from Unstructured Text,09/19/2022
pdf/creating_a_map_layout_certificate_09042022.pdf,png/creating_a_map_layout_certificate_09042022.png,Creating a Map Layout,09/04/2022
pdf/arcgis_pro_basics_certificate_09032022.pdf,png/arcgis_pro_basics_certificate_09032022.png,ArcGIS Pro Basics,09/03/2022
pdf/getting_started_with_mapping_and_visualization_certificate_09012022.pdf,png/getting_started_with_mapping_and_visualization_certificate_09012022.png,Getting Started with Mapping and Visualization,09/01/2022
pdf/imagery_in_action_certificate_06012022.pdf,png/imagery_in_action_certificate_06012022.png,Imagery in Action,06/01/2022
pdf/going_places_with_spatial_analysis_certificate_05242022.pdf,png/going_places_with_spatial_analysis_certificate_05242022.png,Going Places with Spatial Analysis,05/24/2022
pdf/cartography_certificate_03282022.pdf,png/cartography_certificate_03282022.png,Cartography,03/28/2022
pdf/building_geoprocessing_models_using_arcgis_pro_certificate_05012021.pdf,png/building_geoprocessing_models_using_arcgis_pro_certificate_05012021.png,Building Geoprocessing Models Using ArcGIS Pro,05/01/2021
pdf/cartography_certificate_03122021.pdf,png/cartography_certificate_03122021.png,Cartography,03/12/2021
pdf/performing_supervised_pixel-based_image_classification_certificate_02112021.pdf,png/performing_supervised_pixel-based_image_classification_certificate_02112021.png,Performing Supervised Pixel-Based Image Classification,02/11/2021
pdf/change_detection_using_imagery_certificate_02102021.pdf,png/change_detection_using_imagery_certificate_02102021.png,Change Detection Using Imagery,02/10/2021
pdf/processing_raster_data_using_arcgis_pro_certificate_02102021.pdf,png/processing_raster_data_using_arcgis_pro_certificate_02102021.png,Processing Raster Data Using ArcGIS Pro,02/10/2021
pdf/creating_optimized_routes_using_arcgis_pro_certificate_02032021.pdf,png/creating_optimized_routes_using_arcgis_pro_certificate_02032021.png,Creating Optimized Routes Using ArcGIS Pro,02/03/2021
pdf/arcgis_notebooks_basics_certificate_02022021.pdf,png/arcgis_notebooks_basics_certificate_02022021.png,ArcGIS Notebooks Basics,02/02/2021
pdf/space-time_analysis_finding_temporal_trends_certificate_02022021.pdf,png/space-time_analysis_finding_temporal_trends_certificate_02022021.png,Space-Time Analysis Finding Temporal Trends,02/02/2021
pdf/querying_data_using_arcgis_pro_certificate_02022021.pdf,png/querying_data_using_arcgis_pro_certificate_02022021.png,Querying Data Using ArcGIS Pro,02/02/2021
pdf/managing_lidar_data_using_terrain_datasets_certificate_01312021.pdf,png/managing_lidar_data_using_terrain_datasets_certificate_01312021.png,Managing Lidar Data Using Terrain Datasets,01/31/2021
pdf/3d_visualization_using_arcgis_pro_certificate_01182021.pdf,png/3d_visualization_using_arcgis_pro_certificate_01182021.png,3D Visualization Using ArcGIS Pro,01/18/2021
pdf/getting_started_with_arcgis_pro_certificate_01082021.pdf,png/getting_started_with_arcgis_pro_certificate_01082021.png,Getting Started with ArcGIS Pro,01/08/2021